Section,Page,Target Keyword,Volume,KD,CPC
Airport,/airports/jfk,car service to jfk,800,30,190
Airport,/airports/newark,car service to newark airport,700,7,180
Airport,/airports/laguardia,laguardia airport car service,200,5,300
Airport,/airports/teterboro,teterboro car service,150,,350
Airport,/airports/stewart,stewart airport car service,100,,
Airport,/airports/westchester,hpn car service,80,0,200
Airport,/airports/islip,islip airport car service,30,0,160
Blog,/blog/best-car-service-nyc-2026,car service nyc,1200,45,180
Blog,/blog/best-limo-service-nyc-2026,limo service nyc,1100,69,200
Blog,/blog/best-jfk-airport-car-service,jfk airport car service,250,10,250
Blog,/blog/what-is-black-car-service,what is black car service,200,0,120
Blog,/blog/best-laguardia-car-service,laguardia car service,150,7,300
Blog,/blog/best-newark-car-service,newark car service,150,6,250
Blog,/blog/best-corporate-car-service-nyc,corporate car service nyc,150,60,350
Blog,/blog/best-hamptons-car-service,hamptons car service,150,33,400
Blog,/blog/professional-chauffeur-service,professional chauffeur service,150,16,100
Blog,/blog/best-hourly-car-service-nyc-2026,hourly car service nyc,150,0,150
Blog,/blog/best-manhattan-car-service-2026,manhattan car service,150,26,180
Blog,/blog/best-long-distance-car-service-nyc-2026,long distance car service nyc,100,0,160
Blog,/blog/best-personal-chauffeur-nyc-2026,personal chauffeur nyc,80,1,110
Blog,/blog/best-fairfield-county-car-service-2026,fairfield county car service,60,8,250
Blog,/blog/best-event-transportation-nyc-2026,event transportation nyc,50,,
Blog,/blog/holiday-airport-travel,holiday airport travel,40,,
Blog,/blog/nyc-marathon-transportation,nyc marathon transportation,30,0,
Blog,/blog/best-monthly-car-service-nyc-2026,monthly car service nyc,30,0,60
Blog,/blog/best-black-car-services-nyc,black car services nyc,20,,
Blog,/blog/best-wedding-car-service-nyc,wedding car service nyc,20,,160
Blog,/blog/best-late-night-car-service-nyc-2026,late night car service nyc,10,,
Blog,/blog/best-hotel-car-service-nyc-2026,hotel car service nyc,10,,
Blog,/blog/best-bachelor-party-transportation-nyc-2026,bachelor party transportation nyc,10,,
Blog,/blog/best-prom-car-service-nyc-2026,prom car service nyc,10,,600
Blog,/blog/fifa-2026-nyc-transportation,fifa nyc transportation,0,,
Blog,/blog/nyc-events-2026-transportation,nyc events transportation,0,,
Blog,/blog/luxury-car-service-benefits,luxury car service benefits,0,,
Blog,/blog/nyc-to-boston-car-service-guide,nyc to boston car service guide,0,,
Blog,/blog/why-pre-book-jfk,why pre book jfk,0,,
Blog,/blog/uber-black-vs-black-car,uber black vs black car,0,,
Blog,/blog/wedding-transport-checklist,wedding transport checklist,0,,
Blog,/blog/group-transportation-guide,group transportation guide,0,,
Blog,/blog/black-car-vs-taxi,black car vs taxi,0,,0
Blog,/blog/chauffeur-tipping-guide,chauffeur tipping guide,0,,
Blog,/blog/black-car-pricing-guide,black car pricing guide,0,,
Blog,/blog/how-to-book-black-car,how to book black car,0,,
Blog,/blog/airport-pickup-tips,airport pickup tips,0,,
Blog,/blog/hourly-vs-point-to-point,hourly vs point to point,0,,
Blog,/blog/best-teterboro-airport-car-services-2026,teterboro airport car services,0,,
Blog,/blog/best-sprinter-van-services-nyc-2026,sprinter van services nyc,0,,
Blog,/blog/best-blacklane-alternative-nyc-2026,blacklane alternative nyc,0,,
Blog,/blog/best-point-to-point-car-service-nyc-2026,point to point car service nyc,0,,
Blog,/blog/best-daily-chauffeur-service-nyc-2026,daily chauffeur service nyc,0,,
Blog,/blog/best-weekly-car-service-nyc-2026,weekly car service nyc,0,,
Blog,/blog/best-long-term-chauffeur-nyc-2026,long term chauffeur nyc,0,,
Blog,/blog/best-business-traveler-car-service-nyc-2026,business traveler car service nyc,0,,
Blog,/blog/best-car-seat-services-nyc-2026,car seat services nyc,0,,
Blog,/blog/best-cruise-transportation-nyc-2026,cruise transportation nyc,0,,
Blog,/blog/best-private-aviation-ground-services-nyc-2026,private aviation ground services nyc,0,,
Blog,/blog/best-pharma-roadshow-services-nyc-2026,pharma roadshow services nyc,0,,
Blog,/blog/best-airport-car-services-nyc-2026,airport car services nyc,0,,
Blog,/blog/best-bachelorette-party-transportation-nyc-2026,bachelorette party transportation nyc,0,,
Blog,/blog/best-bar-bat-mitzvah-transportation-nyc-2026,bar bat mitzvah transportation nyc,0,,
Blog,/blog/best-graduation-limo-nyc-2026,graduation limo nyc,0,,
Blog,/blog/best-sweet-16-limo-nyc-2026,sweet 16 limo nyc,0,,
Blog,/blog/best-met-gala-car-service-nyc-2026,met gala car service nyc,0,,
Blog,/blog/best-nye-car-service-nyc-2026,nye car service nyc,0,,
Blog,/blog/best-wine-tour-services-nyc-2026,wine tour services nyc,0,,
Blog,/blog/best-yankee-stadium-car-service-nyc-2026,yankee stadium car service nyc,0,,
Blog,/blog/best-bergen-county-nj-car-service-2026,bergen county nj car service,0,,
Blog,/blog/best-long-island-gold-coast-car-service-2026,long island gold coast car service,0,,
Blog,/blog/best-nyc-to-dc-car-service-2026,nyc to dc car service,0,,400
Blog,/blog/best-nyc-to-philadelphia-car-service-2026,nyc to philadelphia car service,0,,
Home,/,car service nyc,1200,45,180
Location,/locations/boston,boston car service,1500,60,300
Location,/locations/miami,car service miami,1000,6,250
Location,/locations/chicago,car service chicago,900,68,300
Location,/locations/los-angeles,car service los angeles,800,47,300
Location,/locations/las-vegas,car service las vegas,700,28,140
Location,/locations/san-francisco,car service san francisco,500,23,400
Location,/locations/houston,car service houston,500,45,170
Location,/locations/brooklyn,car service brooklyn,450,29,80
Location,/locations/seattle,car service seattle,350,35,400
Location,/locations/dallas,car service dallas,300,11,250
Location,/locations/denver,denver car service,300,50,400
Location,/locations/indianapolis,indianapolis black car service,300,1,90
Location,/locations/manhattan,car service manhattan,250,24,190
Location,/locations/queens,car service queens,250,0,110
Location,/locations/austin,car service austin,250,5,250
Location,/locations/harlem,harlem car service,150,0,130
Location,/locations/soho,soho car service,40,,
Location,/locations/astoria,car service astoria,30,,
Location,/locations/upper-east-side,upper east side car service,20,,100
Location,/locations/upper-west-side,upper west side car service,20,,
Location,/locations/tribeca,tribeca car service,20,,
Location,/locations/midtown,midtown car service,10,,
Location,/locations/chelsea,chelsea car service,10,,
Location,/locations/financial-district,financial district car service,10,,
Location,/locations/west-village,west village car service,10,,
Location,/locations/washington-dc,"washington, dc black car service",0,,
Route,/routes/brooklyn-to-jfk,car service brooklyn to jfk,100,,160
Route,/routes/manhattan-to-jfk,car service manhattan to jfk,90,4,200
Route,/routes/laguardia-to-manhattan,car service laguardia to manhattan,80,3,250
Route,/routes/long-island,car service nyc to long island,50,54,300
Route,/routes/jfk-to-manhattan,car service jfk airport to manhattan,0,,
Route,/routes/manhattan-to-laguardia,car service manhattan to laguardia,0,,
Route,/routes/manhattan-to-newark,manhattan to newark car service,0,,
Route,/routes/williamsburg-to-jfk,car service williamsburg to jfk,0,,0
Route,/routes/chelsea-to-jfk,chelsea to jfk car service,0,,
Route,/routes/midtown-to-jfk,midtown manhattan to jfk car service,0,,
Route,/routes/soho-to-jfk,soho to jfk car service,0,,
Route,/routes/park-slope-to-airports,park slope to all nycs car service,0,,
Route,/routes/greenwich-to-airports,"greenwich, ct to nycs car service",0,,
Route,/routes/upper-east-side-to-airports,upper east side to all nycs car service,0,,
Route,/routes/hoboken-to-airports,"hoboken, nj to all nycs car service",0,,
Route,/routes/boston,"new york city to boston, ma car service",0,,
Route,/routes/philadelphia,"new york city to philadelphia, pa car service",0,,
Route,/routes/washington-dc,"new york city to washington, dc car service",0,,
Route,/routes/hamptons,manhattan to the hamptons car service,0,,
Route,/routes/nyc-to-montauk,"manhattan to montauk, ny car service",0,,
Route,/routes/princeton,"manhattan to princeton, nj car service",0,,
Route,/routes/connecticut,"nyc to fairfield county, ct car service",0,,
Route,/routes/new-jersey,nyc to northern new jersey car service,0,,
Route,/routes/queens-to-jfk,queens to jfk car service,0,,0
Route,/routes/westchester-to-jfk,car service westchester county to jfk,0,,
Route,/routes/astoria-to-airports,astoria to all nycs car service,0,,
Route,/routes/financial-district-to-airports,financial district to all nycs car service,0,,
Route,/routes/harlem-to-airports,harlem to all nycs car service,0,,
Route,/routes/tribeca-to-airports,tribeca to all nycs car service,0,,
Route,/routes/jersey-city-to-airports,jersey city to nycs car service,0,,
Route,/routes/staten-island-to-airports,staten island to nycs car service,0,,
Route,/routes/nyc-to-albany,"new york city to albany, ny car service",0,,
Route,/routes/nyc-to-atlantic-city,"new york city to atlantic city, nj car service",0,,
Service,/services/executive-car-service,chauffeur service,31000,0,140
Service,/services/airport-transfer,airport car service,1100,0,170
Service,/services/corporate-shuttle,corporate car service,900,48,250
Service,/services/long-distance,long distance car service,400,1,120
Service,/services/hourly,hourly car service,200,0,170
Service,/services/wedding,wedding transportation nyc,150,1,350
Service,/services/point-to-point,point to point car service,150,0,160
Service,/services/medical-transportation,medical transportation nyc,150,3,110
Service,/services/family,car service with car seat nyc,100,10,200
Service,/services/sightseeing-tours,nyc sightseeing tour,60,52,100
Service,/services/event-transportation,event transportation nyc,50,,
Service,/services/prom-limo,prom limo nyc,30,,
Service,/services/wine-tours,nyc wine tour,30,57,70
Service,/services/birthday-limo,birthday party bus nyc,20,27,
Service,/services/cruise-terminal,cruise terminal car service nyc,10,,
Service,/services/bachelor-party,bachelor party transportation nyc,10,,
Service,/services/hotel,hotel car service nyc,10,,
Service,/services/sporting-events,sporting event transportation nyc,0,,
Service,/services/night-out,night out car service nyc,0,,
Service,/services/graduation-transportation,graduation limo nyc,0,,
Service,/services/private-aviation,fbo car service,0,,
Service,/services/pharma-roadshow,pharma roadshow car service,0,,
